rank_id,rank,movement,points,competitions_played,competitor_name,country,country_code
1,1,1,8680,16,"Zeballos, Horacio",Argentina,ARG
2,2,1,8590,16,"Granollers, Marcel",Spain,ESP
3,3,-2,8550,25,"Skupski, Neal","Great Britain",GBR
4,4,0,7350,22,"Glasspool, Lloyd","Great Britain",GBR
5,5,0,7200,23,"Cash, Julian","Great Britain",GBR
6,6,0,6900,21,"Heliovaara, Harri",Finland,FIN
7,6,0,6900,21,"Patten, Henry","Great Britain",GBR
8,8,0,6100,16,"Salisbury, Joe","Great Britain",GBR
9,9,0,5160,21,"Pavic, Mate",Croatia,HRV
10,9,0,5160,21,"Arevalo, Marcelo","El Salvador",SLV
11,11,0,4635,28,"Harrison, Christian",USA,USA
12,12,0,4310,20,"Krawietz, Kevin",Germany,DEU
13,13,-1,4265,19,"Putz, Tim",Germany,DEU
14,14,2,4190,24,"Bolelli, Simone",Italy,ITA
15,15,2,4190,27,"Vavassori, Andrea",Italy,ITA
16,16,-2,3560,30,"Guinard, Manuel",France,FRA
17,17,-2,3170,26,"Mektic, Nikola",Croatia,HRV
18,18,1,3100,27,"Nys, Hugo",Monaco,MCO
19,19,1,3090,22,"Roger-Vasselin, Edouard",France,FRA
20,20,-2,3065,33,"Andreozzi, Guido",Argentina,ARG
21,21,0,2850,31,"Cabral, Francisco",Portugal,PRT
22,22,0,2600,33,"Miedler, Lucas",Austria,AUT
23,23,1,2595,36,"Doumbia, Sadio",France,FRA
24,24,3,2560,32,"Reboul, Fabien",France,FRA
25,25,-2,2500,27,"Bhambri, Yuki",India,IND
26,26,-1,2495,28,"Goransson, Andre",Sweden,SWE
27,27,-1,2430,24,"Johnson, Luke","Great Britain",GBR
28,28,12,2395,29,"Arends, Sander",Netherlands,NLD
29,29,4,2393,27,"Pel, David",Netherlands,NLD
30,30,-2,2356,32,"King, Evan",USA,USA
31,31,-2,2355,29,"Zielinski, Jan",Poland,POL
32,32,-2,2350,28,"Erler, Alexander",Austria,AUT
33,33,-1,2340,41,"Arribage, Theo",France,FRA
34,34,1,2330,35,"Olivetti, Albano",France,FRA
35,35,3,2235,31,"Matos, Rafael",Brazil,BRA
36,36,0,2217,29,"Tracy, James",USA,USA
37,37,-3,2215,31,"Frantzen, Constantin",Germany,DEU
38,38,-7,2160,24,"Molteni, Andres",Argentina,ARG
39,39,-2,2132,32,"Luz, Orlando",Brazil,BRA
40,40,10,2080,30,"Krajicek, Austin",USA,USA
41,41,0,2075,31,"Galloway, Robert",USA,USA
42,42,14,2034,27,"Smith, John-Patrick",Australia,AUS
43,43,1,2022,27,"Cash, Robert",USA,USA
44,44,1,2005,22,"Ram, Rajeev",USA,USA
45,45,-2,2000,30,"Arneodo, Romain",Monaco,MCO
46,46,0,2000,32,"Melo, Marcelo",Brazil,BRA
47,47,5,1985,31,"Gonzalez, Santiago",Mexico,MEX
48,48,-1,1940,31,"Schnaitter, Jakob",Germany,DEU
49,48,-1,1940,31,"Wallner, Mark",Germany,DEU
50,50,-8,1890,22,"Gonzalez, Maximo",Argentina,ARG
51,51,-2,1890,25,"Nouza, Petr",Czechia,CZE
52,52,-1,1870,24,"Rikl, Patrik",Czechia,CZE
53,53,0,1790,30,"Haase, Robin",Netherlands,NLD
54,54,-15,1740,15,"Venus, Michael","New Zealand",NZL
55,55,0,1670,32,"Kirkov, Vasil",USA,USA
56,56,-2,1665,22,"Pavlasek, Adam",Czechia,CZE
57,57,0,1635,34,"Stevens, Bart",Netherlands,NLD
58,58,1,1555,8,"Polmans, Marc",Australia,AUS
59,59,1,1545,29,"Verbeek, Sem",Netherlands,NLD
60,60,-2,1535,31,"Romboli, Fernando",Brazil,BRA
61,61,3,1492,32,"Vocel, Matej",Czechia,CZE
62,62,-1,1485,27,"Peers, John",Australia,AUS
63,63,-1,1445,12,"Hijikata, Rinky",Australia,AUS
64,64,-1,1407,33,"Ho, Ray","Chinese Taipei",TPE
65,65,4,1402,28,"Trhac, Patrik",USA,USA
66,66,1,1335,18,"Bopanna, Rohan",India,IND
67,67,-2,1320,26,"Gille, Sander",Belgium,BEL
68,68,3,1316,29,"Jebens, Hendrik",Germany,DEU
69,69,-1,1307,15,"Herbert, Pierre-Hugues",France,FRA
70,70,0,1307,33,"Oberleitner, Neil",Austria,AUT
71,71,-5,1290,27,"Vliegen, Joran",Belgium,BEL
72,72,0,1235,36,"Seggerman, Ryan",USA,USA
73,73,2,1216,5,"Kubler, Jason",Australia,AUS
74,74,0,1198,27,"Willis, Marcus","Great Britain",GBR
75,75,5,1175,30,"Behar, Ariel",Uruguay,URY
76,76,0,1155,31,"Balaji, N. Sriram",India,IND
77,77,1,1140,32,"Romios, Matthew Christopher",Australia,AUS
78,78,1,1138,30,"Hidalgo, Diego",Ecuador,ECU
79,79,-6,1137,17,"Ebden, Matthew",Australia,AUS
80,80,8,1128,26,"Paul, Jakub",Switzerland,CHE
81,81,-4,1126,32,"Demoliner, Marcelo",Brazil,BRA
82,82,0,1069,36,"Reyes-Varela, Miguel Angel",Mexico,MEX
83,83,2,1048,36,"Kiger, Mac",USA,USA
84,84,-3,1035,29,"Escobar, Gonzalo",Ecuador,ECU
85,85,-1,1032,35,"Watt, James","New Zealand",NZL
86,86,-3,1032,35,"Reynolds, Finn","New Zealand",NZL
87,87,-1,1030,5,"Musetti, Lorenzo",Italy,ITA
88,88,-1,1011,38,"Sanchez, Luca",France,FRA
89,89,0,1002,8,"Halys, Quentin",France,FRA
90,90,0,975,13,"Michelsen, Alex",USA,USA
91,91,0,973,31,"Rojer, Jean-Julien",Netherlands,NLD
92,92,0,965,8,"Sonego, Lorenzo",Italy,ITA
93,93,0,893,29,"Yuzuki, Takeru",Japan,JPN
94,94,2,890,36,"Stalder, Reese",USA,USA
95,95,4,868,34,"Barrientos, Nicolas",Colombia,COL
96,96,-2,860,37,"Hilderbrand, Trey",USA,USA
97,97,0,838,32,"Harper, Cleeve",Canada,CAN
98,98,0,833,34,"Reymond, Arthur",France,FRA
99,99,9,815,28,"Kestelboim, Mariano",Argentina,ARG
100,100,0,814,34,"Pichler, David",Austria,AUT
101,101,0,810,8,"Shelton, Ben",USA,USA
102,102,0,802,34,"Paris, Joshua","Great Britain",GBR
103,103,0,798,33,"Pieczonka, Filip",Poland,POL
104,104,1,781,30,"Vrbensky, Michael",Czechia,CZE
105,105,-10,781,34,"Chandrasekar, Anirudh",India,IND
106,106,-2,780,8,"Rinderknech, Arthur",France,FRA
107,107,0,777,25,"Kittay, Benjamin",USA,USA
108,108,3,756,37,"Zeballos, Federico",Bolivia,BOL
109,109,8,737,30,"Drzewiecki, Karol",Poland,POL
110,110,-1,737,34,"Donski, Alexander",Bulgaria,BGR
111,111,1,729,35,"Bayldon, Blake",Australia,AUS
112,112,2,720,9,"Khachanov, Karen",Neutral,NEU
113,113,2,717,33,"Liutarevich, Ivan",Neutral,NEU
114,114,-4,705,37,"Goldhoff, George",USA,USA
115,115,8,704,26,"Bollipalli, Rithvik Choudary",India,IND
116,116,15,704,36,"Kielan, Szymon",Poland,POL
117,117,18,703,31,"Serdarusic, Nino",Croatia,HRV
118,118,-5,703,31,"Martinez, Luis David",Venezuela,VEN
119,119,-3,698,32,"Stevenson, David","Great Britain",GBR
120,120,-2,689,32,"Natarajan, Vijay Sundar Prashanth",India,IND
121,121,-1,687,30,"Veldheer, Mick",Netherlands,NLD
122,122,12,666,36,"Lammons, Nathaniel",USA,USA
123,123,23,664,25,"Zormann, Marcelo",Brazil,BRA
124,124,-5,657,33,"Withrow, Jackson",USA,USA
125,125,-4,653,32,"Latinovic, Stefan",Serbia,SRB
126,126,2,644,34,"Cukierman, Daniel",Israel,ISR
127,127,21,641,16,"Gomez, Federico Agustin",Argentina,ARG
128,128,2,640,33,"Pavel, Bogdan",Romania,ROU
129,129,-7,637,31,"Ingildsen, Johannes",Denmark,DNK
130,130,2,634,35,"Negritu, Christoph",Germany,DEU
131,131,18,633,37,"Ruehl, Tim",Germany,DEU
132,132,-6,630,8,"Rublev, Andrey",Neutral,NEU
133,133,-9,630,34,"Cervantes, Inigo",Spain,ESP
134,134,-7,625,38,"Jecan, Alexandru",Romania,ROU
135,135,-6,620,4,"Vacherot, Valentin",Monaco,MCO
136,136,0,617,30,"Kaliyanda Poonacha, Niki",India,IND
137,137,-4,615,31,"Duda, Filip",Czechia,CZE
138,138,9,613,34,"Matuszewski, Piotr",Poland,POL
139,139,5,612,27,"Winegar, Theodore",USA,USA
140,140,17,611,35,"Pereira, Tiago",Portugal,PRT
141,141,-4,605,13,"Machac, Tomas",Czechia,CZE
142,142,-2,605,32,"Isaro, Pruchya",Thailand,THA
143,143,-37,595,11,"Thompson, Jordan",Australia,AUS
144,144,-3,595,35,"Banthia, Siddhant",India,IND
145,145,-6,592,26,"Harper, Patrick",Australia,AUS
146,146,-4,590,11,"Zverev, Alexander",Germany,DEU
147,147,4,590,36,"Pujol Navarro, Bruno",Spain,ESP
148,148,-23,586,33,"Watanabe, Seita",Japan,JPN
149,149,-6,584,26,"Nam, Ji Sung","Republic of Korea",KOR
150,150,10,564,26,"Kadhe, Arjun",India,IND
151,151,3,560,27,"Niklas-Salminen, Patrik",Finland,FIN
152,152,7,550,19,"Paulson, Andrew",Czechia,CZE
153,153,0,550,34,"Arias, Boris",Bolivia,BOL
154,154,-9,547,32,"Molchanov, Denys",Ukraine,UKR
155,155,1,547,37,"Martos Gornes, Sergio",Spain,ESP
156,156,14,545,27,"Grevelius, Erik",Sweden,SWE
157,157,5,541,32,"Merino, Alexander",Peru,PER
158,158,3,537,26,"Karol, Milos",Slovakia,SVK
159,159,-21,533,19,"Pacheco Mendez, Rodrigo",Mexico,MEX
160,160,-2,518,17,"Mena, Facundo",Argentina,ARG
161,161,-6,515,29,"Villanueva, Gonzalo",Argentina,ARG
162,162,16,513,24,"Heinonen, Adam",Sweden,SWE
163,163,5,508,17,"Ribeiro, Eduardo",Brazil,BRA
164,164,-1,500,3,"Fonseca, Joao",Brazil,BRA
165,165,-1,498,27,"Uesugi, Kaito",Japan,JPN
166,166,26,495,12,"Etcheverry, Tomas Martin",Argentina,ARG
167,167,4,493,35,"Walkow, Szymon",Poland,POL
168,168,-3,492,37,"Cornea, Victor Vlad",Romania,ROU
169,169,6,490,30,"Maginley, Jody","Antigua and Barbuda",ATG
170,170,-4,489,29,"Huang, Tsung-Hao","Chinese Taipei",TPE
171,171,-2,486,34,"Carou, Ignacio",Uruguay,URY
172,172,2,463,38,"Ramanathan, Ramkumar",India,IND
173,173,4,462,27,"Geerts, Michael",Belgium,BEL
174,174,-1,462,32,"Romano, Filippo",Italy,ITA
175,175,-8,457,27,"Rodriguez, Cristian",Colombia,COL
176,176,4,450,10,"Griekspoor, Tallon",Netherlands,NLD
177,177,8,449,35,"Loof, Thijmen",Netherlands,NLD
178,178,4,444,24,"Hsu, Yu Hsiou","Chinese Taipei",TPE
179,179,0,435,37,"Poljak, David",Czechia,CZE
180,180,15,430,23,"Masur, Daniel",Germany,DEU
181,181,3,429,19,"Cadenasso, Gianluca",Italy,ITA
182,182,7,422,28,"Rodriguez Taverna, Santiago",Argentina,ARG
183,183,4,421,34,"Jones, Ben","Great Britain",GBR
184,184,4,419,20,"Pokorny, Lukas",Slovakia,SVK
185,185,-33,416,26,"Jacq, Gregoire",France,FRA
186,186,14,410,31,"Delaney, Jake",Australia,AUS
187,187,11,407,18,"Shimizu, Yuta",Japan,JPN
188,188,-2,407,33,"Mansilla Diez, Mario",Spain,ESP
189,189,2,405,10,"Dodig, Ivan",Croatia,HRV
190,190,2,405,12,"Ugo Carabelli, Camilo",Argentina,ARG
191,191,37,404,8,"Miguel, Luis Guto",Brazil,BRA
192,192,-16,399,35,"Hermans, Mats",Netherlands,NLD
193,193,3,397,30,"Pearson, Kody",Australia,AUS
194,194,5,389,17,"Chidekh, Clement",France,FRA
195,195,6,385,7,"Munar, Jaume",Spain,ESP
196,196,-46,385,10,"Borges, Nuno",Portugal,PRT
197,197,6,383,24,"Barnat, Jiri",Czechia,CZE
198,198,-26,379,36,"Vega Hernandez, David",Spain,ESP
199,199,-2,376,24,"Bondioli, Federico",Italy,ITA
200,200,4,375,30,"Dev, S D Prajwal",India,IND
201,201,4,370,24,"Visker, Niels",Netherlands,NLD
202,202,16,366,14,"Sachko, Vitaliy",Ukraine,UKR
203,203,3,360,5,"Lehecka, Jiri",Czechia,CZE
204,204,-23,360,13,"Martinez, Pedro",Spain,ESP
205,205,-15,358,15,"Duran, Guillermo",Argentina,ARG
206,206,2,354,28,"Mackinlay, James","Great Britain",GBR
207,207,2,352,29,"Sinha, Nitin Kumar",India,IND
208,208,3,346,20,"Puttergill, Calum",Australia,AUS
209,209,7,343,20,"Marcondes, Igor",Brazil,BRA
210,210,-27,339,19,"Soto, Matias",Chile,CHL
211,211,-4,338,20,"Sheehy, Joshua",USA,USA
212,212,2,336,25,"Park, Uisung","Republic of Korea",KOR
213,213,-1,334,20,"Milavsky, Daniel",USA,USA
214,214,12,330,31,"Nedunchezhiyan, Jeevan",India,IND
215,215,8,329,22,"Broom, Charles","Great Britain",GBR
216,216,1,325,5,"Schwaerzler, Joel",Austria,AUT
217,217,-4,325,22,"Jans, Jarno",Netherlands,NLD
218,218,-8,325,29,"Ricca, Giorgio",Italy,ITA
219,219,15,324,31,"Oliveira, Bruno (2002)",Brazil,BRA
220,220,1,323,22,"Winter Lopez, Benjamin",Spain,ESP
221,221,23,321,31,"Cook, Ethan",Australia,AUS
222,222,3,319,30,"Whitehouse, Mark","Great Britain",GBR
223,223,-29,315,12,"Murray, Jamie","Great Britain",GBR
224,224,-22,310,19,"Kolar, Zdenek",Czechia,CZE
225,225,-3,308,22,"Westphal, Max",France,FRA
226,226,1,305,34,"Bianchi, Juan Jose",Venezuela,VEN
227,227,2,303,14,"Draxl, Liam",Canada,CAN
228,228,2,302,27,"Britto, Luis",Brazil,BRA
229,229,2,301,23,"Barroso Campos, Alberto",Spain,ESP
230,230,2,301,34,"Saraiva Dos Santos, Paulo Andre",Brazil,BRA
231,231,-16,295,24,"Dutra Da Silva, Daniel",Brazil,BRA
232,232,1,294,24,"Poling, Karl",USA,USA
233,233,10,292,28,"Kumar, Pranav",USA,USA
234,234,19,291,30,"Matsuda, Ryuki",Japan,JPN
235,235,2,291,34,"Genov, Anthony",Bulgaria,BGR
236,236,2,290,19,"Nakagawa, Shunsuke",Japan,JPN
237,237,-1,290,24,"Duncan, Scott","Great Britain",GBR
238,238,1,286,9,"Monday, Johannus","Great Britain",GBR
239,239,28,286,22,"Alves, Mateus",Brazil,BRA
240,240,-20,285,15,"Added, Dan",France,FRA
241,241,1,284,25,"Wendelken, Harry","Great Britain",GBR
242,242,-23,283,29,"Charlton, Joshua",Australia,AUS
243,243,2,282,19,"Kusuhara, Yusuke",Japan,JPN
244,244,8,282,26,"Imamura, Masamichi",Japan,JPN
245,245,2,276,14,"Zahraj, Patrick",Germany,DEU
246,246,2,276,18,"Noguchi, Rio",Japan,JPN
247,247,27,276,25,"Orlov, Vladyslav",Ukraine,UKR
248,248,2,274,8,"Tu, Li",Australia,AUS
249,249,2,273,25,"Ovcharenko, Oleksandr",Ukraine,UKR
250,250,4,271,14,"Clarke, Jay","Great Britain",GBR
251,251,4,271,35,"Tajima, Naoki",Japan,JPN
252,252,4,270,2,"Norrie, Cameron","Great Britain",GBR
253,253,4,270,3,"Auger-Aliassime, Felix",Canada,CAN
254,254,4,270,4,"Fearnley, Jacob","Great Britain",GBR
255,255,4,270,4,"Bonzi, Benjamin",France,FRA
256,256,4,270,5,"Tsitsipas, Stefanos",Greece,GRC
257,257,5,270,9,"Cerundolo, Francisco",Argentina,ARG
258,258,5,270,15,"Darderi, Luciano",Italy,ITA
259,259,10,264,36,"Jermar, Jan",Czechia,CZE
260,260,6,262,17,"Boscardin Dias, Pedro",Brazil,BRA
261,261,128,261,5,"Heide, Gustavo",Brazil,BRA
262,262,26,261,11,"Soriano Barrera, Adria",Colombia,COL
263,263,14,261,32,"Hands, Tom","Great Britain",GBR
264,264,8,259,27,"Bass, Finn","Great Britain",GBR
265,265,5,258,22,"Huertas Del Pino Cordova, Arklon",Peru,PER
266,266,15,257,7,"Llamas Ruiz, Pablo",Spain,ESP
267,267,-2,256,19,"Kaukovalta, Patrick",Finland,FIN
268,268,-28,256,26,"Sabanov, Ivan",Serbia,SRB
269,269,-28,256,28,"Sabanov, Matej",Serbia,SRB
270,270,90,255,6,"Hassan, Benjamin",Lebanon,LBN
271,271,-7,254,13,"Mikrut, Luka",Croatia,HRV
272,272,-1,250,9,"Walton, Adam",Australia,AUS
273,273,61,249,27,"Sach, Tai Leonard",Australia,AUS
274,274,49,249,30,"Agostini, Simone",Italy,ITA
275,275,18,248,16,"Jung, Jason","Chinese Taipei",TPE
276,276,-3,246,18,"Ayeni, Alafia",USA,USA
277,277,-2,245,7,"Schoolkate, Tristan",Australia,AUS
278,278,-29,245,17,"Hulme, Matt",Australia,AUS
279,279,3,242,34,"Wang, Aoran",China,CHN
280,280,58,241,18,"Sun, Fajing",China,CHN
281,281,-35,241,21,"Fenty, Andrew",USA,USA
282,282,27,240,17,"Thomson, Connor","Great Britain",GBR
283,283,103,239,13,"Andrade, Andres",Ecuador,ECU
284,284,40,238,15,"Poljicak, Mili",Croatia,HRV
285,285,0,237,14,"Collarini, Andrea",Argentina,ARG
286,286,17,237,20,"Roncadelli, Franco",Uruguay,URY
287,287,-1,237,24,"Kalyanpur, Adil",India,IND
288,288,-8,236,32,"Basel, Valentin",Argentina,ARG
289,289,-21,234,22,"Rocha, Francisco",Portugal,PRT
290,290,1,231,27,"Marrero Curbelo, Ivan",Spain,ESP
291,291,-2,230,20,"Perez, Alfredo",USA,USA
292,292,0,229,6,"Mayot, Harold",France,FRA
293,293,36,229,14,"Basic, Mirza","Bosnia & Herzegovina",BIH
294,294,0,229,16,"Dellien, Murkel",Bolivia,BOL
295,295,0,225,2,"Rehberg, Max Hans",Germany,DEU
296,296,0,225,5,"Engel, Justin",Germany,DEU
297,297,0,225,6,"Bellucci, Mattia",Italy,ITA
298,298,0,225,12,"Rocha, Henrique",Portugal,PRT
299,299,0,225,20,"Ostapenkov, Daniil",Neutral,NEU
300,300,-22,223,12,"Roca Batalla, Oriol",Spain,ESP
301,301,0,223,25,"Bar Biryukov, Petr",Neutral,NEU
302,302,23,222,18,"Beauge, Maxence",France,FRA
303,303,-42,220,8,"Huesler, Marc-Andrea",Switzerland,CHE
304,304,-25,218,19,"Chopra, Keshav",USA,USA
305,305,0,217,15,"Montes-de la Torre, Inaki",Spain,ESP
306,306,24,216,14,"Boulais, Justin",Canada,CAN
307,307,1,216,30,"Bittoun Kouzmine, Constantin",France,FRA
308,308,8,215,9,"Barton, Hynek",Czechia,CZE
309,309,-25,214,19,"Stewart, Hamish","Great Britain",GBR
310,310,-86,214,24,"Blancaneaux, Geoffrey",France,FRA
311,311,0,214,31,"Forcano Aparicio, Ignasi",Spain,ESP
312,312,-12,213,34,"Ouakaa, Aziz",Tunisia,TUN
313,313,0,212,10,"Kicker, Nicolas",Argentina,ARG
314,314,7,212,31,"Ribero, Franco",Argentina,ARG
315,315,0,211,7,"Rodionov, Jurij",Austria,AUT
316,316,-29,211,13,"Martin, Andres",USA,USA
317,317,-7,211,25,"Murgett, Finn","Great Britain",GBR
318,318,1,210,23,"Betov, Sergey",Belarus,BLR
319,319,-13,209,19,"Vasa, Eero",Finland,FIN
320,320,-13,208,18,"Stepanov, Roy",Israel,ISR
321,321,7,207,20,"Binda, Alexandr",Italy,ITA
322,322,-18,207,25,"Barry, Charles",Ireland,IRL
323,323,14,206,16,"Siniakov, Daniel",Czechia,CZE
324,324,-34,206,22,"Castelnuovo, Luca",Switzerland,CHE
325,325,-13,204,27,"Isomura, Kokoro",Japan,JPN
326,326,-4,203,15,"Johns, Garrett",USA,USA
327,327,-7,203,15,"Sweeny, Dane",Australia,AUS
328,328,-52,203,19,"Uchida, Kaichi",Japan,JPN
329,329,-2,202,15,"Caniato, Carlo Alberto",Italy,ITA
330,330,14,201,15,"Recek, Dominik",Czechia,CZE
331,331,8,201,26,"Wehnelt, Kai",Germany,DEU
332,332,-1,199,17,"Simakin, Ilia",Neutral,NEU
333,333,-1,198,18,"Maxted, Lui","Great Britain",GBR
334,334,94,197,10,"Reis Da Silva, Joao Lucas",Brazil,BRA
335,335,-17,196,20,"Izquierdo Luque, Rafael",Spain,ESP
336,336,98,195,6,"Meligeni Alves, Felipe",Brazil,BRA
337,337,80,195,10,"Forejtek, Jonas",Czechia,CZE
338,338,-24,192,24,"Santillan, Akira",Japan,JPN
339,339,-56,190,22,"Ichikawa, Taisei",Japan,JPN
340,340,0,190,29,"Alcantara, Francis Casey",Philippines,PHL
341,341,0,189,12,"Exsted, Maxwell",USA,USA
342,342,0,189,15,"Kellovsky, Dominik",Czechia,CZE
343,343,26,189,21,"Tsitsipas, Petros",Greece,GRC
344,344,-1,187,45,"Sakellaridis, Dimitris",Greece,GRC
345,345,-43,185,16,"Mies, Andreas",Germany,DEU
346,346,1,180,1,"Fils, Arthur",France,FRA
347,347,1,180,1,"Jodar, Rafael",Spain,ESP
348,348,1,180,2,"Moutet, Corentin",France,FRA
349,349,1,180,2,"Shapovalov, Denis",Canada,CAN
350,350,1,180,2,"Fritz, Taylor",USA,USA
351,351,1,180,3,"McCabe, James",Australia,AUS
352,352,1,180,4,"Struff, Jan-Lennard",Germany,DEU
353,353,1,180,5,"Van de Zandschulp, Botic",Netherlands,NLD
354,354,1,180,5,"Marozsan, Fabian",Hungary,HUN
355,355,1,180,5,"Popyrin, Alexei",Australia,AUS
356,355,1,180,5,"Bu, Yunchaokete",China,CHN
357,357,1,180,5,"Duckworth, James",Australia,AUS
358,358,1,180,6,"de Minaur, Alex",Australia,AUS
359,359,-42,180,7,"Pavlovic, Luka",France,FRA
360,360,1,180,9,"Cobolli, Flavio",Italy,ITA
361,361,1,180,17,"Hudd, Emile","Great Britain",GBR
362,362,17,179,16,"Gadamauri, Buvaysar",Belgium,BEL
363,363,1,179,19,"Denolly, Corentin",France,FRA
364,364,45,179,22,"Kalender, Admir",Croatia,HRV
365,365,0,178,29,"Vithoontien, Leo",Japan,JPN
366,366,181,175,2,"Ofner, Sebastian",Austria,AUT
367,367,0,175,11,"Martineau, Matteo",France,FRA
368,368,0,175,14,"Travaglia, Stefano",Italy,ITA
369,369,81,175,17,"Mejia, Nicolas",Colombia,COL
370,370,-4,175,27,"Marques, Diogo",Portugal,PRT
371,371,0,174,9,"Houkes, Max",Netherlands,NLD
372,372,6,174,16,"Huertas Del Pino, Connor",Peru,PER
373,373,-27,174,18,"Bangoura, Sekou",USA,USA
374,374,21,173,25,"Slavic, Nikola",Sweden,SWE
375,375,-5,173,28,"Hsieh, Cheng-Peng","Chinese Taipei",TPE
376,376,-4,173,28,"Dumitru, Alexandru Cristian",Romania,ROU
377,377,-3,173,37,"Lomakin, Grigoriy",Kazakhstan,KAZ
378,378,-5,172,33,"Lock, Courtney John",Zimbabwe,ZWE
379,379,13,171,20,"Ratti, Lucio",Argentina,ARG
380,380,-4,171,22,"Magadan, Alan",Mexico,MEX
381,381,-4,170,7,"Pucinelli de Almeida, Matheus",Brazil,BRA
382,382,-46,168,13,"Hach Verdugo, Hans",Mexico,MEX
383,383,-3,168,14,"Bortolotti, Marco",Italy,ITA
384,384,20,167,17,"Poulsen, Oskar Brostrom",Denmark,DNK
385,385,-52,166,16,"Agamenone, Franco",Italy,ITA
386,386,-2,165,14,"Hernandez, Alex",Mexico,MEX
387,387,-2,165,17,"Verbin, Pavel",Neutral,NEU
388,388,43,165,22,"Nagel, Arthur",France,FRA
389,389,30,165,24,"Fuchs, Zachary",USA,USA
390,390,-27,164,21,"Roveri Sidney, Gabriel",Brazil,BRA
391,391,-3,164,22,"De la Fuente, Santiago",Argentina,ARG
392,392,-5,162,8,"Krueger, Mitchell",USA,USA
393,393,25,162,21,"Popovic, Stefan",Serbia,SRB
394,394,-4,161,8,"Myneni, Saketh",India,IND
395,395,-2,161,18,"Garcian, Axel",France,FRA
396,396,-21,160,18,"Aguilar Cardozo, Joaquin",Uruguay,URY
397,397,1,160,19,"Nesterov, Pyotr",Bulgaria,BGR
398,398,22,160,24,"Hazawa, Shinji",Japan,JPN
399,399,-8,159,18,"Smith, Keegan",USA,USA
400,400,-19,159,28,"Schachter, Noah",USA,USA
401,401,4,158,28,"Neos, Eleftherios",Cyprus,CYP
402,402,21,157,10,"Dodig, Matej",Croatia,HRV
403,403,-4,156,20,"Thayne, Wally",USA,USA
404,404,-8,153,24,"Ganta, Sai Karteek Reddy",India,IND
405,405,-2,152,15,"Martinez, Alex",Spain,ESP
406,406,-61,152,23,"Rai, Ajeet","New Zealand",NZL
407,407,0,150,9,"Vasami, Jacopo",Italy,ITA
408,408,-26,150,11,"Sharipov, Marat",Neutral,NEU
409,409,-74,150,13,"Justo, Guido Ivan",Argentina,ARG
410,410,-2,149,14,"Torres, Tiago",Portugal,PRT
411,411,-1,147,30,"Lorusso, Lorenzo",Italy,ITA
412,412,-29,146,11,"Rincon, Daniel",Spain,ESP
413,413,-11,146,12,"Hipfl, Nico",Austria,AUT
414,414,-1,146,16,"Araujo, Pedro",Portugal,PRT
415,415,-3,146,17,"Forti, Francesco",Italy,ITA
416,416,-1,146,18,"Somani, Parikshit",India,IND
417,417,21,146,24,"Lalami Laaroussi, Younes",Morocco,MAR
418,418,-2,145,4,"Faria, Jaime",Portugal,PRT
419,419,-25,145,26,"Bertrand, Robin",France,FRA
420,420,-6,144,18,"Falabella, Lautaro Agustin",Argentina,ARG
421,421,37,144,20,"van Wyk, Kris","South Africa",ZAF
422,422,4,143,15,"Hussey, Giles","Great Britain",GBR
423,423,39,143,15,"Rodrigues, Natan",Brazil,BRA
424,424,-2,142,9,"Prado Angelo, Juan Carlos",Bolivia,BOL
425,425,16,142,19,"Vankan, Marlon",Germany,DEU
426,426,6,142,36,"Vance, Jamie",USA,USA
427,427,-26,141,12,"Zink, Tyler",USA,USA
428,428,-4,141,13,"Aguilar, Juan Carlos",Canada,CAN
429,429,-29,141,27,"Schell, Niklas",Germany,DEU
430,430,-5,140,13,"Shick, Braden",USA,USA
431,431,-34,139,22,"Oradini, Giovanni",Italy,ITA
432,432,-21,139,34,"Delaney, Jesse",Australia,AUS
433,433,-6,138,6,"Sanchez Martinez, Benito",Germany,DEU
434,434,33,138,16,"Homberg, Maximilian",Germany,DEU
435,435,57,138,19,"Hopper, James","Great Britain",GBR
436,436,-7,137,11,"Middelkoop, Matwe",Netherlands,NLD
437,437,-7,137,16,"Carboni, Lorenzo",Italy,ITA
438,438,-17,137,16,"Maksimovic, Marko",Serbia,SRB
439,439,-4,135,8,"Tien, Learner",USA,USA
440,440,-4,135,10,"Diallo, Gabriel",Canada,CAN
441,441,-4,135,14,"Muller, Alexandre",France,FRA
442,442,5,135,17,"Agafonov, Egor",Neutral,NEU
443,443,41,135,27,"Uzhylovskyi, Volodoymyr",Ukraine,UKR
444,444,-38,135,29,"Perez, Brandon",Venezuela,VEN
445,445,-12,135,29,"Yang, Zijiang",China,CHN
446,446,-4,135,33,"Hsu, Jeffrey Chuan En","Chinese Taipei",TPE
447,447,-7,134,10,"Maestrelli, Francesco",Italy,ITA
448,448,110,134,12,"Nedic, Andrej","Bosnia & Herzegovina",BIH
449,449,-5,132,24,"Hignett, Liam","Great Britain",GBR
450,450,-5,132,25,"Zeuch, Tom",Germany,DEU
451,451,23,131,9,"Kopp, Sandro",Austria,AUT
452,452,-6,131,14,"Overbeck, Carl Emil",Denmark,DNK
453,453,45,131,22,"Bilardo, Jacopo",Italy,ITA
454,454,-5,130,6,"Bouquier, Arthur",France,FRA
455,455,21,130,15,"van der Meerschen, Martin",Belgium,BEL
456,456,-5,130,18,"Singh, Karan (IND)",India,IND
457,457,-2,129,10,"Kingsley, Cannon",USA,USA
458,458,-2,129,16,"Tamm, Kristjan",Estonia,EST
459,459,-2,127,9,"Suresh, Dhakshineswar",India,IND
460,460,-12,127,16,"Fomin, Sergey",Uzbekistan,UZB
461,461,7,127,22,"Bozemoj, Brian",Netherlands,NLD
462,462,-8,127,26,"Graca, Joao",Portugal,PRT
463,463,-3,127,33,"Golubev, Daniil",Neutral,NEU
464,464,545,126,5,"Tabilo, Alejandro",Chile,CHL
465,465,-4,126,5,"Woestendick, Cooper",USA,USA
466,466,15,125,12,"Strombachs, Robert",Germany,DEU
467,467,-2,125,14,"Tobon, Miguel",Colombia,COL
468,468,-2,125,24,"Opitz, Jannik",Germany,DEU
469,469,-26,124,6,"Colson, Tibo",Belgium,BEL
470,470,-7,124,20,"Turker, Mert Naci",Turkiye,TUR
471,471,-2,123,5,"Stricker, Dominic",Switzerland,CHE
472,472,-2,123,8,"Damm Jr, Martin",USA,USA
473,473,-2,123,16,"Hellum Lilleengen, Lukas",Norway,NOR
474,474,49,123,17,"Couto Loureiro, Joao Victor",Brazil,BRA
475,475,-36,123,26,"Braynin, Aleksandr",Ukraine,UKR
476,476,-4,122,5,"Barrios Vera, Marcelo Tomas",Chile,CHL
477,477,-4,122,9,"Mahut, Nicolas",France,FRA
478,478,28,122,21,"Ambrogi, Luciano Emanuel",Argentina,ARG
479,479,-26,122,22,"Story, James","Great Britain",GBR
480,480,3,121,17,"Del Pino, Mateo",Argentina,ARG
481,481,-29,121,21,"Kravchenko, Georgii",Ukraine,UKR
482,482,-3,120,14,"Cui, Jie",China,CHN
483,483,29,120,17,"Nikles, Johan",Switzerland,CHE
484,484,9,120,19,"Ghazouani Durand, Yanis",France,FRA
485,485,-8,119,9,"Shah, Aryan",India,IND
486,486,-4,119,16,"Sels, Jelle",Netherlands,NLD
487,487,-12,118,11,"Jeong, Yeongseok","Republic of Korea",KOR
488,488,7,118,13,"Almazan Valiente, Izan",Spain,ESP
489,489,-2,117,9,"Vives Marcos, Pedro",Spain,ESP
490,490,-2,117,10,"Rosenkranz, Mats",Germany,DEU
491,491,0,117,16,"Becerra Otarola, Ignacio Antonio",Chile,CHL
492,492,-14,117,24,"Pankin, Semen",Neutral,NEU
493,493,70,116,25,"Tenti, Fermin",Argentina,ARG
494,494,47,116,27,"Suarez, Billy",USA,USA
495,495,4,115,3,"Cerundolo, Juan Manuel",Argentina,ARG
496,496,4,115,4,"Harris, Billy","Great Britain",GBR
497,497,4,115,10,"Tomic, Bernard",Australia,AUS
498,498,4,115,16,"Vavassori, Matteo",Italy,ITA
499,499,35,115,24,"Sueoka, Yamato",Japan,JPN
500,500,3,114,5,"Fatic, Nerman","Bosnia & Herzegovina",BIH
501,1,0,8658,14,"Mertens, Elise",Belgium,BEL
502,2,0,7950,15,"Siniakova, Katerina",Czechia,CZE
503,3,2,7385,16,"Errani, Sara",Italy,ITA
504,3,2,7385,16,"Paolini, Jasmine",Italy,ITA
505,5,2,7385,13,"Townsend, Taylor",USA,USA
506,6,-3,7315,18,"Dabrowski, Gabriela",Canada,CAN
507,7,-3,6895,25,"Danilina, Anna",Kazakhstan,KAZ
508,8,0,6765,21,"Krunic, Aleksandra",Serbia,SRB
509,9,0,6377,12,"Kudermetova, Veronika",Neutral,NEU
510,10,0,6035,24,"Stefani, Luisa",Brazil,BRA
511,11,0,5885,26,"Routliffe, Erin","New Zealand",NZL
512,12,0,5440,19,"Ostapenko, Jelena",Latvia,LVA
513,13,1,5381,22,"Zhang, Shuai",China,CHN
514,14,-1,5258,17,"Hsieh, Su-Wei","Chinese Taipei",TPE
515,15,0,4200,20,"Babos, Timea",Hungary,HUN
516,16,2,3723,25,"Melichar-Martinez, Nicole",USA,USA
517,17,-1,3320,28,"Bucsa, Cristina",Spain,ESP
518,18,2,3209,21,"Hunter, Storm",Australia,AUS
519,19,2,3200,16,"Guo, Hanyu",China,CHN
520,20,2,2950,27,"Perez, Ellen",Australia,AUS
521,21,2,2820,15,"Siegemund, Laura",Germany,DEU
522,22,-5,2750,16,"Shnaider, Diana",Neutral,NEU
523,23,1,2720,22,"Schuurs, Demi",Netherlands,NLD
524,24,2,2708,24,"Muhammad, Asia",USA,USA
525,25,0,2646,23,"Panova, Alexandra",Neutral,NEU
526,26,1,2580,24,"Kichenok, Lyudmyla",Ukraine,UKR
527,27,4,2579,26,"Stollar, Fanny",Hungary,HUN
528,28,2,2574,21,"Kenin, Sofia",USA,USA
529,29,-1,2469,29,"Krawczyk, Desirae",USA,USA
530,30,2,2442,27,"Nicholls, Olivia","Great Britain",GBR
531,30,2,2442,30,"Mihalikova, Tereza",Slovakia,SVK
532,32,-13,2434,12,"Andreeva, Mirra",Neutral,NEU
533,33,1,2415,27,"Hozumi, Eri",Japan,JPN
534,34,-5,2349,25,"Jiang, Xinyu",China,CHN
535,35,0,2224,17,"Joint, Maya",Australia,AUS
536,36,1,2061,30,"Chan, Hao-Ching","Chinese Taipei",TPE
537,37,6,2038,17,"Samsonova, Liudmila",Neutral,NEU
538,38,-2,2031,13,"Alexandrova, Ekaterina",Neutral,NEU
539,39,-1,2025,25,"Eikeri, Ulrikke",Norway,NOR
540,40,0,1962,30,"Khromacheva, Irina",Neutral,NEU
541,41,3,1909,30,"Xu, Yifan",China,CHN
542,42,3,1790,24,"Tjen, Janice",Indonesia,IDN
543,43,3,1765,28,"Olmos, Giuliana",Mexico,MEX
544,44,-3,1727,11,"Dolehide, Caroline",USA,USA
545,45,-6,1711,26,"Wu, Fang-Hsien","Chinese Taipei",TPE
546,46,1,1707,7,"Zvonareva, Vera",Neutral,NEU
547,47,1,1685,35,"Sutjiadi, Aldila",Indonesia,IDN
548,48,3,1579,25,"Aoyama, Shuko",Japan,JPN
549,49,3,1553,18,"Yang, Zhaoxuan",China,CHN
550,50,3,1519,25,"Gleason, Quinn",USA,USA
551,51,3,1508,28,"Kozyreva, Maria",Neutral,NEU
552,52,3,1507,29,"Santamaria, Sabrina",USA,USA
553,53,3,1490,8,"Cirstea, Sorana",Romania,ROU
554,54,-4,1470,6,"Kalinskaya, Anna",Neutral,NEU
555,55,3,1464,10,"Krejcikova, Barbora",Czechia,CZE
556,56,1,1458,16,"Rakhimova, Kamilla",Uzbekistan,UZB
557,57,3,1444,25,"Siskova, Anna",Czechia,CZE
558,58,3,1440,4,"Gauff, Coco",USA,USA
559,59,-10,1411,13,"Stearns, Peyton",USA,USA
560,60,2,1388,28,"Ninomiya, Makoto",Japan,JPN
561,61,-2,1383,10,"Shibahara, Ena",Japan,JPN
562,62,1,1377,22,"Kichenok, Nadiia",Ukraine,UKR
563,63,1,1368,16,"Tauson, Clara",Denmark,DNK
564,64,1,1367,22,"Shymanovich, Iryna",Neutral,NEU
565,65,1,1363,26,"Skoch, Miriam",Czechia,CZE
566,66,1,1337,29,"Lumsden, Maia","Great Britain",GBR
567,67,-25,1335,25,"Kato, Miyu (1994)",Japan,JPN
568,68,0,1334,16,"McNally, Caty",USA,USA
569,69,1,1305,28,"Piter, Katarzyna",Poland,POL
570,70,1,1302,26,"Maleckova, Jesika",Czechia,CZE
571,71,-2,1302,9,"Kessler, McCartney",USA,USA
572,72,1,1262,18,"Gadecki, Olivia",Australia,AUS
573,73,1,1258,32,"Haverlag, Isabelle",Netherlands,NLD
574,74,-2,1221,22,"Detiuc, Anastasia",Czechia,CZE
575,75,0,1209,24,"Liang, En-Shuo","Chinese Taipei",TPE
576,76,0,1197,32,"Tang, Qianhui",China,CHN
577,77,7,1194,9,"Bouzkova, Marie",Czechia,CZE
578,78,-1,1179,31,"Kempen, Magali",Belgium,BEL
579,79,1,1162,13,"Mladenovic, Kristina",France,FRA
580,80,-2,1160,10,"Ruse, Elena-Gabriela",Romania,ROU
581,81,-2,1159,14,"Fernandez, Leylah",Canada,CAN
582,82,-1,1097,21,"Chong, Eudice","Hong Kong, China",HKG
583,83,-1,1087,8,"Haddad Maia, Beatriz",Brazil,BRA
584,84,1,1073,17,"Noskova, Linda",Czechia,CZE
585,85,-2,1064,28,"Pridankina, Elena",Neutral,NEU
586,86,0,1052,22,"Martins, Ingrid",Brazil,BRA
587,87,0,1025,7,"Danilovic, Olga",Serbia,SRB
588,88,0,968,25,"Pigossi, Laura",Brazil,BRA
589,89,4,909,26,"Kobori, Momoko",Japan,JPN
590,90,0,895,26,"Corley, Carmen",USA,USA
591,91,-2,893,26,"Tikhonova, Anastasia",Neutral,NEU
592,92,2,877,24,"Fossa Huergo, Nicole",Argentina,ARG
593,93,2,875,26,"Corley, Ivana",USA,USA
594,94,2,857,31,"Appleton, Emily","Great Britain",GBR
595,95,-3,846,16,"Kalashnikova, Oksana",Georgia,GEO
596,96,2,827,9,"Birrell, Kimberly",Australia,AUS
597,97,3,824,10,"Baptiste, Hailey",USA,USA
598,98,1,815,23,"Feng, Shuo",China,CHN
599,99,2,800,13,"Jorge, Matilde",Portugal,PRT
600,100,3,782,33,"Plipuech, Peangtarn",Thailand,THA
601,101,3,774,13,"Cristian, Jaqueline",Romania,ROU
602,102,3,769,11,"Eala, Alexandra",Philippines,PHL
603,103,-12,767,10,"Waltert, Simona",Switzerland,CHE
604,104,2,745,23,"Gorgodze, Ekaterine",Georgia,GEO
605,105,3,732,24,"Cascino, Estelle",France,FRA
606,106,3,725,28,"Radisic, Nika",Slovenia,SVN
607,107,12,723,21,"Shimizu, Ayano",Japan,JPN
608,108,-6,721,22,"Herrero Linana, Alicia",Spain,ESP
609,109,5,714,9,"Gibson, Talia",Australia,AUS
610,110,5,710,9,"Sramkova, Rebecca",Slovakia,SVK
611,111,22,709,10,"Pegula, Jessica",USA,USA
612,112,29,707,17,"Salkova, Dominika",Czechia,CZE
613,113,-2,702,23,"Cho, I-Hsuan","Chinese Taipei",TPE
614,113,-2,702,23,"Cho, Yi Tsen","Chinese Taipei",TPE
615,115,-2,700,11,"Jorge, Francisca",Portugal,PRT
616,116,1,698,28,"Lechemia, Elixane",France,FRA
617,116,1,698,29,"Barnett, Alicia","Great Britain",GBR
618,118,-2,682,15,"Erjavec, Veronika",Slovenia,SVN
619,119,1,679,33,"Cavalle-Reimers, Yvonne",Spain,ESP
620,120,1,679,31,"Jakupovic, Dalila",Slovenia,SVN
621,121,1,678,14,"Linette, Magda",Poland,POL
622,122,5,674,4,"Sorribes Tormo, Sara",Spain,ESP
623,123,0,672,27,"Brooks, Madeleine","Great Britain",GBR
624,124,0,659,34,"Bhosale, Rutuja",India,IND
625,125,0,645,22,"Strakhova, Valeriya",Ukraine,UKR
626,126,0,634,24,"Falkowska, Weronika",Poland,POL
627,127,7,634,29,"Smith, Alana",USA,USA
628,128,1,618,15,"Dart, Harriet","Great Britain",GBR
629,129,1,617,12,"Burillo Escorihuela, Irene",Spain,ESP
630,130,1,617,20,"Cross, Kayla",Canada,CAN
631,131,1,616,9,"Jovic, Iva",USA,USA
632,132,-35,614,19,"Zheng, Saisai",China,CHN
633,133,-26,614,11,"Krueger, Ashlyn",USA,USA
634,134,3,608,9,"Li, Ann",USA,USA
635,135,0,607,17,"Zarazua, Renata",Mexico,MEX
636,136,29,604,8,"Mboko, Victoria",Canada,CAN
637,137,-9,604,35,"Moratelli, Angelica",Italy,ITA
638,138,0,596,5,"Yuan, Yue",China,CHN
639,139,0,596,28,"Karamoko, Naima",Switzerland,CHE
640,140,3,593,40,"Sakellaridi, Sapfo",Greece,GRC
641,141,-1,587,14,"Kulambayeva, Zhibek",Kazakhstan,KAZ
642,142,11,586,12,"Havlickova, Lucie",Czechia,CZE
643,143,-1,581,5,"Potapova, Anastasia",Austria,AUT
644,144,-8,577,22,"Akli, Ayana",USA,USA
645,145,-1,569,19,"Bolsova, Aliona",Spain,ESP
646,146,0,563,5,"Hon, Priscilla",Australia,AUS
647,147,0,561,17,"Rus, Arantxa",Netherlands,NLD
648,148,0,560,6,"Williams, Venus",USA,USA
649,149,0,543,22,"Hewitt, Dalayna",USA,USA
650,150,1,526,26,"Rogers, Anna",USA,USA
651,151,12,523,14,"Rosatello, Camilla",Italy,ITA
652,152,12,521,24,"Rajecki, Amelia","Great Britain",GBR
653,153,-43,508,13,"Wang, Xinyu",China,CHN
654,154,-2,503,15,"Hruncakova, Viktoria",Slovakia,SVK
655,155,0,503,27,"Karatancheva, Lia",Bulgaria,BGR
656,156,0,502,4,"Andreescu, Bianca",Canada,CAN
657,157,0,501,5,"Kostyuk, Marta",Ukraine,UKR
658,158,9,500,19,"Kucmova, Aneta",Czechia,CZE
659,159,0,498,2,"Muchova, Karolina",Czechia,CZE
660,160,-6,495,20,"Rakotomanga Rajaonah, Tiantsoa Sarah",France,FRA
661,161,0,492,4,"Wang, Yafan",China,CHN
662,162,7,485,13,"Ponchet, Jessika",France,FRA
663,163,9,485,21,"Kubka, Martyna",Poland,POL
664,164,16,485,13,"Valdmannova, Vendula",Czechia,CZE
665,165,1,483,11,"Jacquemot, Elsa",France,FRA
666,166,2,474,23,"Monnet, Carole",France,FRA
667,167,3,472,14,"Aney, Jessie",USA,USA
668,168,9,471,28,"McAdoo, Rasheeda",USA,USA
669,169,-7,470,26,"Zheng, Wushuang",China,CHN
670,170,17,467,16,"Fita Boluda, Angela",Spain,ESP
671,171,3,460,25,"Kuwata, Hiroko",Japan,JPN
672,172,4,456,7,"Kartal, Sonay","Great Britain",GBR
673,173,0,454,19,"Zantedeschi, Aurora",Italy,ITA
674,174,-16,451,24,"Thombare, Prarthana",India,IND
675,175,4,450,23,"Novak, Kristina",Slovenia,SVN
676,176,2,445,13,"Semenistaja, Darja",Latvia,LVA
677,177,4,443,18,"Laboutkova, Aneta",Czechia,CZE
678,178,4,442,4,"Wickmayer, Yanina",Belgium,BEL
679,179,15,442,19,"Morisaki, Kanako",Japan,JPN
680,180,-5,441,9,"Jeanjean, Leolia",France,FRA
681,181,-21,441,28,"Raina, Ankita",India,IND
682,182,1,441,18,"Cayetano, Eryn",USA,USA
683,183,1,435,30,"Ovcharenko, Ekaterina",Neutral,NEU
684,184,2,434,21,"Zaar, Lisa",Sweden,SWE
685,185,50,433,11,"Samson, Laura",Czechia,CZE
686,186,2,430,1,"Begu, Irina-Camelia",Romania,ROU
687,187,2,430,10,"Bondar, Anna",Hungary,HUN
688,188,2,426,26,"Webley-Smith, Emily","Great Britain",GBR
689,189,4,421,10,"Iatcenko, Polina",Neutral,NEU
690,190,-5,419,27,"Li, Yu-Yun","Chinese Taipei",TPE
691,191,-41,416,8,"Carle, Maria",Argentina,ARG
692,192,-21,414,14,"McDonald, Ella","Great Britain",GBR
693,193,5,414,20,"Hule, Petra",Australia,AUS
694,194,5,413,10,"Bara, Irina Maria",Romania,ROU
695,195,1,413,22,"Arseneault, Ariana",Canada,CAN
696,196,5,411,18,"Park, Sohyun","Republic of Korea",KOR
697,197,5,409,15,"Rencheli, Abigail",USA,USA
698,198,-3,408,11,"Niculescu, Monica",Romania,ROU
699,199,7,406,25,"Ayukawa, Mana",Japan,JPN
700,200,16,406,6,"Knutson, Gabriela",Czechia,CZE
701,201,-9,403,21,"Shimizu, Eri",Japan,JPN
702,202,2,400,2,"Azarenka, Victoria",Neutral,NEU
703,203,2,398,19,"Bhatia, Riya",India,IND
704,204,3,394,20,"Noha Akugue, Noma",Germany,DEU
705,205,3,392,6,"Osorio, Camila",Colombia,COL
706,206,17,389,36,"Osborne, Alexandra",Australia,AUS
707,207,2,388,6,"Putintseva, Yulia",Kazakhstan,KAZ
708,208,2,388,10,"Burrage, Jodie","Great Britain",GBR
709,209,16,388,24,"Lee, Ya-Hsin","Chinese Taipei",TPE
710,210,-13,384,19,"Tran, Lian",Netherlands,NLD
711,211,31,380,24,"Lansere, Sofya",Neutral,NEU
712,212,2,378,5,"Klepac, Andreja",Slovenia,SVN
713,213,5,377,26,"Sebestova, Ivana",Czechia,CZE
714,214,1,375,11,"Udvardy, Panna",Hungary,HUN
715,215,-15,375,21,"Zaytseva, Ksenia",Neutral,NEU
716,216,3,374,13,"Uchijima, Moyuka",Japan,JPN
717,217,-4,373,24,"Lacasse, Raphaelle",Canada,CAN
718,218,3,370,25,"Li, Zongyu",China,CHN
719,219,-8,370,10,"Mikulskyte, Justina",Lithuania,LTU
720,220,-3,366,15,"Nahimana, Sada",Burundi,BDI
721,221,10,366,21,"Abbagnato, Anastasia",Italy,ITA
722,222,2,366,32,"Giavara, Haley",USA,USA
723,223,3,365,22,"Dudeney, Alicia","Great Britain",GBR
724,224,16,363,19,"Wong, Hong Yi Cody","Hong Kong, China",HKG
725,225,-80,362,6,"Chwalinska, Maja",Poland,POL
726,226,3,362,19,"Harrison, Catherine",USA,USA
727,227,-36,362,21,"Nugroho, Priska Madelyn",Indonesia,IDN
728,228,2,361,20,"Gimbrere, Jasmijn",Netherlands,NLD
729,229,-2,359,20,"Candiotto, Ana",Brazil,BRA
730,230,3,358,7,"Vondrousova, Marketa",Czechia,CZE
731,231,3,358,22,"Lemaitre, Tiphanie",France,FRA
732,232,4,357,21,"Silva, Eden","Great Britain",GBR
733,233,4,357,19,"Matoula, Martha",Greece,GRC
734,234,-22,355,25,"Christie, Freya","Great Britain",GBR
735,235,-15,352,16,"Zolotareva, Anastasia",Neutral,NEU
736,236,8,350,15,"Saito, Sara",Japan,JPN
737,237,-15,346,17,"Zamarripa, Maribella",USA,USA
738,238,5,344,11,"Okutoyi, Angella",Kenya,KEN
739,239,-7,344,26,"Kuzmova, Katarina",Slovakia,SVK
740,240,43,343,18,"You, Xiaodi",China,CHN
741,241,4,335,24,"Kawaguchi, Natsumi",Japan,JPN
742,242,4,333,6,"Tomova, Viktoriya",Bulgaria,BGR
743,243,-4,333,11,"Imamura, Saki",Japan,JPN
744,244,3,332,19,"Vargova, Nina",Slovakia,SVK
745,245,-42,330,8,"Wuerth, Tara",Croatia,HRV
746,246,4,329,20,"van Emst, Sarah",Netherlands,NLD
747,247,10,329,22,"Pawlikowska,  Zuzanna",Poland,POL
748,248,5,327,30,"Ye, Qiu Yu",China,CHN
749,249,5,326,17,"Lee, Carol Young Suh",USA,USA
750,250,21,325,21,"Rodriguez, Victoria",Mexico,MEX
751,251,5,324,17,"Zamarripa, Allura",USA,USA
752,252,-11,324,15,"Abe, Hiromi",Japan,JPN
753,253,5,322,15,"Gamiz, Andrea",Venezuela,VEN
754,254,5,321,8,"Vidmanova, Darja",Czechia,CZE
755,255,-6,321,18,"Micic, Elena",Australia,AUS
756,256,4,320,17,"Yamazaki, Ikumi",Japan,JPN
757,257,4,319,12,"Xu, Mingge","Great Britain",GBR
758,258,33,316,14,"Ciric-Bagaric, Lucija",Croatia,HRV
759,259,7,315,17,"McGiffin, Tenika",Australia,AUS
760,260,3,314,7,"Kudermetova, Polina",Uzbekistan,UZB
761,261,-10,314,20,"Perez Garcia, Maria Paulina",Colombia,COL
762,262,2,313,3,"Raducanu, Emma","Great Britain",GBR
763,263,2,312,18,"Crawley, Fiona",USA,USA
764,264,-9,311,13,"Hartono, Arianne",Netherlands,NLD
765,265,51,310,24,"Ibragimova, Alevtina",Neutral,NEU
766,266,-18,310,20,"Da Silva Fick, Gabriella",Australia,AUS
767,267,-5,309,12,"de Zeeuw, Joy",Netherlands,NLD
768,268,-1,309,17,"Malygina, Elena",Estonia,EST
769,269,0,303,2,"Badosa, Paula",Spain,ESP
770,269,0,303,2,"Rybakina, Elena",Kazakhstan,KAZ
771,271,153,300,6,"Neel, Ingrid",Estonia,EST
772,272,2,296,15,"Vedder, Eva",Netherlands,NLD
773,273,2,295,10,"Blinkova, Anna",Neutral,NEU
774,274,-22,294,29,"Bayerlova, Michaela",Czechia,CZE
775,275,1,294,26,"Back, Dayeon","Republic of Korea",KOR
776,276,1,292,21,"Daniel, Jaeda",USA,USA
777,277,10,290,5,"Parks, Alycia",USA,USA
778,278,0,290,20,"Gomez Pezuela Cano, Marian",Mexico,MEX
779,279,-51,288,15,"Riera, Julia",Argentina,ARG
780,280,60,288,15,"Ortenzi, Jazmin",Argentina,ARG
781,281,0,286,21,"Urgesi, Federica",Italy,ITA
782,282,0,285,8,"Kraus, Sinja",Austria,AUT
783,283,1,284,9,"Aiava, Destanee",Australia,AUS
784,284,1,282,7,"Kasatkina, Daria",Australia,AUS
785,285,1,282,15,"Kalieva, Elvina",USA,USA
786,286,60,282,24,"Dang, Yiming",China,CHN
787,287,1,280,11,"Duerst, Jenny",Switzerland,CHE
788,288,-50,279,15,"Belgraver, Julie",France,FRA
789,289,26,277,13,"Reyngold, Ekaterina",Neutral,NEU
790,290,2,277,10,"Bains, Naiktha","Great Britain",GBR
791,291,2,277,9,"Kovackova, Alena",Czechia,CZE
792,292,2,277,22,"Bakhmutkina, Polina",Neutral,NEU
793,293,3,276,7,"Sawangkaew, Mananchaya",Thailand,THA
794,294,1,275,9,"Pigato, Lisa",Italy,ITA
795,295,50,275,16,"Shubladze, Alexandra",Neutral,NEU
796,296,2,274,8,"Bronzetti, Lucia",Italy,ITA
797,297,-25,271,17,"Tona, Miriana",Italy,ITA
798,298,1,270,3,"Pavlyuchenkova, Anastasia",Neutral,NEU
799,299,-10,269,6,"Yastremska, Dayana",Ukraine,UKR
800,300,0,269,10,"Preston, Taylah",Australia,AUS
801,301,-4,268,15,"Pace, Francesca",Italy,ITA
802,302,-22,268,25,"Sato, Hikaru",Japan,JPN
803,303,-1,267,2,"Parry, Diane",France,FRA
804,304,7,267,20,"Zhang, Ying",China,CHN
805,305,-2,267,17,"Lodikova, Daria",Neutral,NEU
806,306,19,265,13,"Vagramov, Alexandra",Canada,CAN
807,307,-1,265,21,"Sahdiieva, Anita",Ukraine,UKR
808,308,18,263,20,"Panshina, Varvara",Neutral,NEU
809,309,1,263,25,"Shinikova, Isabella",Bulgaria,BGR
810,310,-2,262,21,"Drazic, Mariana",Croatia,HRV
811,311,-32,261,13,"Jones, Makenna",USA,USA
812,312,0,259,8,"Korneeva, Alina",Neutral,NEU
813,313,1,259,11,"Lahey, Ashley",USA,USA
814,314,21,259,14,"Kinoshita, Hayu",Japan,JPN
815,315,-14,257,17,"Matsuda, Misaki",Japan,JPN
816,316,1,257,23,"Zelinskaya, Daria",Neutral,NEU
817,317,3,254,12,"Ambrosio, Silvia",Italy,ITA
818,318,3,254,15,"Visscher, Stephanie Judith",Netherlands,NLD
819,319,3,253,9,"Lepchenko, Varvara",USA,USA
820,320,3,253,16,"Senic, Natalija",Serbia,SRB
821,321,3,253,22,"Stankovic, Anja",Serbia,SRB
822,322,-49,251,7,"Miyazaki, Yuriko Lily","Great Britain",GBR
823,323,4,250,6,"Sun, Lulu","New Zealand",NZL
824,324,31,250,19,"Mansouri, Yasmine",France,FRA
825,325,4,248,3,"Boulter, Katie","Great Britain",GBR
826,326,4,248,14,"Yao, Xinxin",China,CHN
827,327,108,247,21,"Cabezas Dominguez, Sofia Elena",Venezuela,VEN
828,328,-10,246,13,"Hu, Victoria",USA,USA
829,329,3,245,29,"Yashina, Ekaterina",Neutral,NEU
830,330,1,245,23,"Romero, Camila",Ecuador,ECU
831,331,-18,244,20,"Shi, Han",China,CHN
832,332,1,244,6,"Inglis, Maddison",Australia,AUS
833,333,1,244,19,"Zeballos Melgar, Noelia",Bolivia,BOL
834,334,2,243,28,"Zelnickova, Radka",Slovakia,SVK
835,335,-7,243,15,"Du Pree, Britt",Netherlands,NLD
836,336,-31,243,16,"Hobgarski, Katharina",Germany,DEU
837,337,1,242,16,"Paganetti, Vittoria",Italy,ITA
838,338,68,242,9,"Stojsavljevic, Mika","Great Britain",GBR
839,339,0,240,1,"Garcia, Caroline",France,FRA
840,340,4,240,30,"Barry, Monique","New Zealand",NZL
841,341,7,235,20,"Mattel, Marie",France,FRA
842,342,33,235,25,"Daems, Josy",Germany,DEU
843,343,-75,232,18,"Anshba, Amina",Neutral,NEU
844,344,-37,232,12,"Omae, Akiko",Japan,JPN
845,345,-55,231,15,"Oz, Ipek",Turkiye,TUR
846,346,-42,231,13,"Bhamidipaty, Shrivalli Rashmikaa",India,IND
847,347,2,228,15,"Reasco Gonzalez, Mell Elizabeth",Ecuador,ECU
848,348,3,227,7,"Diatchenko, Vitalia",Neutral,NEU
849,349,15,226,19,"Okalova, Martina",Slovakia,SVK
850,350,24,226,22,"Shaikh, Hibah",USA,USA
851,351,2,225,12,"Brockmann, Tessa Johanna",Germany,DEU
852,352,2,225,18,"Martinez Vaquero, Maria",Spain,ESP
853,353,-3,224,23,"Allen, Victoria","Great Britain",GBR
854,354,-35,222,4,"Ngounoue, Clervie",USA,USA
855,355,11,222,16,"Bertea, Elena Ruxandra",Romania,ROU
856,356,2,221,23,"Lewis, Mary",USA,USA
857,357,21,220,18,"Basiletti, Noemi",Italy,ITA
858,358,1,220,17,"Rey Garcia, Alba",Spain,ESP
859,359,4,219,24,"Adeshina, Esther","Great Britain",GBR
860,360,1,218,20,"Nagy, Adrienn",Hungary,HUN
861,361,1,218,23,"Lee, Eunhye (2000)","Republic of Korea",KOR
862,362,-2,217,8,"Portillo Ramirez, Maria Jose",Mexico,MEX
863,363,-21,217,20,"Labrana, Fernanda",Chile,CHL
864,364,7,217,21,"Cortez Llorca, Lucia",Spain,ESP
865,365,-13,215,1,"Montgomery, Robin",USA,USA
866,366,-19,215,4,"Tig, Patricia Maria",Romania,ROU
867,367,-11,215,25,"Szabo, Briana",Romania,ROU
868,368,-3,215,23,"Pereira, Rebeca",Brazil,BRA
869,369,-1,214,11,"Salden, Lara",Belgium,BEL
870,370,-1,212,22,"Moyano, Luciana",Argentina,ARG
871,371,2,211,11,"Ryser, Valentina",Switzerland,CHE
872,372,54,211,21,"Hinojosa Gomez, Jessica",Mexico,MEX
873,373,-32,211,24,"Tran, Demi",Netherlands,NLD
874,374,2,208,28,"Huang, Yujia",China,CHN
875,375,4,207,29,"Adams, Julia",USA,USA
876,376,-4,206,20,"Kawamura, Mana",Japan,JPN
877,377,-68,205,13,"Papamichail, Despina",Greece,GRC
878,378,3,205,22,"Kim, Na Ri","Republic of Korea",KOR
879,379,11,205,17,"Milovanovic, Elena",Serbia,SRB
880,380,2,204,13,"Failla, Jessica",USA,USA
881,381,2,204,4,"Hamilton, Alanis",USA,USA
882,382,6,203,16,"Hodzic, Mina",Germany,DEU
883,383,6,202,7,"Grant, Tyra Caterina",Italy,ITA
884,384,3,202,6,"Naef, Celine",Switzerland,CHE
885,385,-28,201,20,"de Stefano, Samira",Italy,ITA
886,386,-1,201,20,"Arakawa, Haruna",Japan,JPN
887,387,4,200,20,"Grammatikopoulou, Valentini",Greece,GRC
888,388,4,199,20,"El Jardi, Diae",Morocco,MAR
889,389,13,199,17,"Bartashevich, Yara",France,FRA
890,390,3,198,16,"Burgic, Ema","Bosnia & Herzegovina",BIH
891,391,3,198,15,"Dencheva, Rositsa",Bulgaria,BGR
892,392,3,197,9,"Lincer, Olivia",Poland,POL
893,393,-23,197,11,"Hindova, Denisa",Czechia,CZE
894,394,2,196,19,"Ibbou, Ines",Algeria,DZA
895,395,18,196,11,"Steur, Joelle Lilly Sophie",Germany,DEU
896,396,1,195,1,"Jabeur, Ons",Tunisia,TUN
897,397,1,194,3,"Pera, Bernarda",USA,USA
898,398,186,194,9,"Friedsam, Anna-Lena",Germany,DEU
899,399,2,194,20,"Robbe, Alice",France,FRA
900,400,-1,194,11,"Osuigwe, Victoria",USA,USA
901,401,2,193,5,"Starodubtseva, Yuliia",Ukraine,UKR
902,402,3,193,25,"Boehner, Laura",Germany,DEU
903,403,4,191,26,"Wagner, Anita","Bosnia & Herzegovina",BIH
904,404,4,190,20,"Khomutsianskaya, Daria",Neutral,NEU
905,405,5,188,8,"Cengiz, Berfu",Turkiye,TUR
906,406,5,188,14,"Adkar, Vaishnavi",India,IND
907,407,5,188,9,"Broadus, Savannah",USA,USA
908,408,14,187,26,"Chiesa, Enola",Italy,ITA
909,409,32,185,15,"Sanchez, Ana Sofia",Mexico,MEX
910,410,-67,185,14,"Hutchinson, Holly","Great Britain",GBR
911,411,21,185,15,"Ruggeri, Jennifer",Italy,ITA
912,412,-75,185,17,"Fontenel, Chelsea",Switzerland,CHE
913,413,2,184,7,"Brancaccio, Nuria",Italy,ITA
914,414,2,183,16,"Pedretti, Thaisa Grana",Brazil,BRA
915,415,2,183,30,"Kolb, Nadiia",Ukraine,UKR
916,416,3,183,11,"Ku, Yeon Woo","Republic of Korea",KOR
917,417,3,182,6,"Stoiana, Mary",USA,USA
918,418,5,180,3,"Selekhmeteva, Oksana",Neutral,NEU
919,419,6,180,4,"Bektas, Emina",USA,USA
920,420,-2,180,8,"Kovackova, Jana",Czechia,CZE
921,421,17,180,21,"Bulatova, Arina",Neutral,NEU
922,422,-45,179,7,"Romero Gormaz, Leyre",Spain,ESP
923,423,6,179,7,"Korpatsch, Tamara",Germany,DEU
924,424,-20,179,12,"Korokozidi, Elena",Greece,GRC
925,425,3,179,18,"Yoshioka, Kisa",Japan,JPN
926,426,-59,178,10,"In-Albon, Ylena",Switzerland,CHE
927,427,7,178,20,"Navarro Oliva, Maria Fernanda",Mexico,MEX
928,428,8,175,16,"Capurro Taborda, Martina",Argentina,ARG
929,429,8,175,9,"Zampardo, Maddy",USA,USA
930,430,10,174,21,"Walker, Brandy",USA,USA
931,431,20,174,14,"Ivanov, Valentina","New Zealand",NZL
932,432,10,173,7,"Lazaro Garcia, Andrea",Spain,ESP
933,433,10,172,13,"Zhenikhova, Sonja",Germany,DEU
934,434,10,172,8,"Chiesa, Deborah",Italy,ITA
935,435,-55,171,7,"Cabrera, Lizette",Australia,AUS
936,436,9,171,13,"Argyrokastriti, Marianne",Greece,GRC
937,437,9,170,6,"Golubic, Viktorija",Switzerland,CHE
938,438,1,170,27,"Wang, Jiaqi",China,CHN
939,439,8,169,2,"Brantmeier, Reese",USA,USA
940,440,25,169,16,"Brune Olsen, Astrid Wanja",Norway,NOR
941,441,57,168,21,"Barrera Aguirre, Isabella",USA,USA
942,442,7,167,10,"Schoofs, Bibiane",Netherlands,NLD
943,443,7,167,20,"Mediorreal Arias, Valentina",Colombia,COL
944,444,-30,167,35,"Yuan, Chengyiyi",China,CHN
945,445,-36,166,15,"Kazionova, Ekaterina",Neutral,NEU
946,446,21,166,8,"Bandecchi, Susan",Switzerland,CHE
947,447,-14,166,11,"Sonobe, Wakana",Japan,JPN
948,448,10,166,21,"Tse, Elyse","New Zealand",NZL
949,449,-1,164,23,"Reguer, Alyssa",France,FRA
950,450,2,163,21,"Firman, Anastasiia",Ukraine,UKR
951,451,12,162,21,"Alicea, Samantha",USA,USA
952,452,-52,161,14,"Miyamoto, Ayumi",Japan,JPN
953,453,-26,160,16,"Ccuno, Romina",Peru,PER
954,454,34,160,20,"Sema, Erika",Japan,JPN
955,455,-34,159,5,"Costoulas, Sofia",Belgium,BEL
956,456,3,159,9,"Zolotareva, Rada",Neutral,NEU
957,457,0,159,23,"Weckerle, Marie",Luxembourg,LUX
958,458,2,159,23,"Samir, Sandra",Egypt,EGY
959,459,61,159,24,"Herazo Gonzalez, Maria Fernanda",Colombia,COL
960,460,20,158,12,"Pedone, Giorgia",Italy,ITA
961,461,0,157,4,"Stojanovic, Nina",Serbia,SRB
962,462,-7,157,20,"Fullana, Luiza",Brazil,BRA
963,463,-1,156,6,"Tararudee, Lanlana",Thailand,THA
964,464,0,156,11,"Hietaranta, Laura",Finland,FIN
965,465,17,155,17,"Ngounoue, Malkia",USA,USA
966,466,-13,155,23,"Ansari, Carolyn",USA,USA
967,467,2,153,24,"Konishi Camargo Silva, Julia",Brazil,BRA
968,468,2,153,9,"Bassols Ribera, Marina",Spain,ESP
969,469,2,153,12,"Gavrila, Oana",Romania,ROU
970,470,3,152,9,"Charaeva, Alina",Neutral,NEU
971,471,-15,152,16,"Dittmann, Gina Marie",Germany,DEU
972,472,4,151,6,"Sierra, Solana",Argentina,ARG
973,473,4,151,2,"Rodionova, Arina",Australia,AUS
974,474,5,151,16,"Podlinska, Marcelina",Poland,POL
975,475,20,151,18,"Rokusek, Sarah",Australia,AUS
976,476,-45,150,8,"Moore, Tara","Great Britain",GBR
977,477,4,150,14,"Nepliy, Elina",Neutral,NEU
978,478,-6,150,16,"Yesypchuk, Daria",Ukraine,UKR
979,479,44,149,19,"Nakashima, Miyu",Japan,JPN
980,480,678,148,5,"Valentova, Tereza",Czechia,CZE
981,481,3,148,10,"Yamalapalli, Sahaja",India,IND
982,482,4,147,12,"Kabbaj, Yasmine",Morocco,MAR
983,483,112,147,14,"Stevens, Amy",Australia,AUS
984,484,10,147,18,"Vogt, Marie",Germany,DEU
985,485,120,147,22,"Zhabrailova, Milana",Russia,RUS
986,486,3,146,10,"Smith, Tina Nadine",Australia,AUS
987,487,3,146,14,"Svatikova, Laura",Slovakia,SVK
988,488,8,146,18,"Thompson, Belle",Australia,AUS
989,489,3,145,6,"Helgo, Malene",Norway,NOR
990,490,3,145,13,"Drugdova, Salma",Slovakia,SVK
991,491,6,145,18,"Ozeki, Michika",Japan,JPN
992,492,7,144,10,"Lizarazo, Yuliana",Colombia,COL
993,493,9,143,21,"Villet, Marie",France,FRA
994,494,9,142,11,"Otzipka, Jana",Belgium,BEL
995,495,-17,142,12,"Hertel, Anna",Poland,POL
996,496,8,142,12,"Berecoechea, Nahia",France,FRA
997,497,8,141,3,"Sonmez, Zeynep",Turkiye,TUR
998,498,8,141,18,"Markus, Carla",Argentina,ARG
999,499,-24,141,13,"Sato, Naho",Japan,JPN
1000,500,-17,141,20,"Tsygourova, Katerina",Switzerland,CHE
